{"device": "iPhone 5S", "screen_h": 568, "screen_w": 320, "face_valid": 1, "face_x": 126, "face_y": 202, "face_w": 293, "face_h": 293, "leye_x": 277, "leye_y": 252, "leye_w": 88, "leye_h": 88, "reye_x": 163, "reye_y": 252, "reye_w": 88, "reye_h": 88, "dot_xcam": -0.3800530871, "dot_y_cam": -5.29991858007, "dot_x_pix": 136.476404667, "dot_y_pix": 266.117242336, "reye_x1": 195, "reye_y1": 297, "reye_x2": 247, "reye_y2": 303, "leye_x1": 308, "leye_y1": 306, "leye_x2": 353, "leye_y2": 302}